,Identifiant,Espèce,Latitude,Longitude,Commune,Pays,Date Création
0,3601640.0,Celtis australis L. [1753],42.55616,2.97596,Saint-André,FR,2019-07-01 11:11:06
1,3601641.0,Celtis australis L. [1753],42.55609,2.97587,Saint-André,FR,2019-07-01 11:11:06
2,3601642.0,Celtis australis L. [1753],42.556,2.9758,Saint-André,FR,2019-07-01 11:11:07
8,3609320.0,Acer platanoides L. [1753],45.82575,1.23837,Limoges,FR,2019-07-30 18:10:01
9,3609321.0,Acer platanoides L. [1753],45.82568,1.2384,Limoges,FR,2019-07-30 18:10:01
10,3609322.0,Acer platanoides L. [1753],45.82558,1.23844,Limoges,FR,2019-07-30 18:10:02
25,3617385.0,Tilia cordata Mill. [1768],48.87475,2.20761,Nanterre,FR,2019-09-02 09:39:23
33,3617395.0,Tilia cordata Mill. [1768],48.87474,2.20762,Nanterre,FR,2019-09-02 09:55:40
34,3617396.0,Acer campestre L. [1753],48.87484,2.20773,Nanterre,FR,2019-09-02 09:55:41
35,3617397.0,Acer saccharinum L. [1753],48.87469,2.20788,Nanterre,FR,2019-09-02 09:55:41
67,3619836.0,Acer palmatum Thunb. [1784],50.53043,3.21427,Genech,FR,2019-09-06 16:09:48
68,3619837.0,Acer palmatum Thunb. [1784],50.53057,3.21413,Genech,FR,2019-09-06 16:09:49
69,3619838.0,Acer palmatum Thunb. [1784],50.53057,3.21413,Genech,FR,2019-09-06 16:09:49
70,3631960.0,Malus Mill. [1754],43.59973,1.42991,Toulouse,FR,2019-10-22 14:53:53
76,3637449.0,Tilleul,45.99893,1.47011,La Jonchère-Saint-Maurice,FR,2019-11-05 11:13:48
87,3637460.0,Tilia tomentosa Moench [1785],45.99899,1.46997,La Jonchère-Saint-Maurice,FR,2019-11-05 11:41:20
88,3637461.0,Tilleul ,45.99897,1.46997,La Jonchère-Saint-Maurice,FR,2019-11-05 11:54:33
89,3637480.0,Micocoulier,43.78242,4.08935,Sommières,FR,2019-11-06 08:34:17
90,3637481.0,Micocoulier,43.78242,4.08935,Sommières,FR,2019-11-06 08:34:20
91,3637482.0,Micocoulier,43.78242,4.08935,Sommières,FR,2019-11-06 08:34:21
92,3637554.0,Fraxinus L. [1753],46.73304,0.54787,Vouneuil-sur-Vienne,FR,2019-11-07 11:03:58
101,3645718.0,Prunus L. [1753],45.74598,3.08188,Beaumont,FR,2019-11-20 19:46:52
111,3646315.0,Paulownia Siebold & Zucc. [1836],48.84592,2.35483,Paris,FR,2019-11-26 15:26:06
112,3646316.0,Paulownia tomentosa (Thunb.) Steud. [1841],48.84585,2.35467,Paris,FR,2019-11-26 15:29:11
113,3646317.0,Paulownia tomentosa (Thunb.) Steud. [1841],48.84628,2.35485,Paris,FR,2019-11-26 15:29:11
114,3646318.0,Paulownia tomentosa (Thunb.) Steud. [1841],48.84618,2.35502,Paris,FR,2019-11-26 15:29:12
125,3646789.0,Tilia argentea Desf. ex DC. [1813],45.99895,1.47013,La Jonchère-Saint-Maurice,FR,2019-11-28 13:43:44
133,3647789.0,frene,48.77745,2.26365,Le Plessis-Robinson,FR,2019-12-03 11:13:20
134,3647790.0,frene,48.77743,2.26351,Le Plessis-Robinson,FR,2019-12-03 11:13:21
135,3647791.0,frene,48.77754,2.26354,Le Plessis-Robinson,FR,2019-12-03 11:13:22
136,3647973.0,Acer pseudoplatanus L. [1753],45.74625,3.0819,Beaumont,FR,2019-12-04 14:23:12
152,3649105.0,Marronnier,48.93156,2.17855,Houilles,FR,2019-12-09 18:52:39
153,3649106.0,érable,48.93163,2.17864,Houilles,FR,2019-12-09 18:52:41
154,3649107.0,Frène,48.93167,2.17871,Houilles,FR,2019-12-09 18:52:42
163,3649536.0,Prunus L. [1753],45.74487,3.08159,Beaumont,FR,2019-12-12 17:43:23
176,3649555.0,Prunus L. [1753],45.74326,3.08132,Beaumont,FR,2019-12-12 17:59:23
191,3650001.0,Prunus L. [1753],45.74332,3.08132,Beaumont,FR,2019-12-23 10:16:31
203,3650013.0,Prunus L. [1753],45.74343,3.08133,Beaumont,FR,2019-12-23 11:46:09
217,3650605.0,Prunus L. [1753],45.74638,3.07909,Beaumont,FR,2019-12-26 17:02:16
218,3650606.0,Acer pseudoplatanus L. [1753],45.74634,3.079,Beaumont,FR,2019-12-26 17:02:17
244,3651274.0,Acer negundo L. [1753],49.10602,7.07165,Sarreguemines,FR,2019-12-31 12:08:48
245,3651275.0,Acer negundo L. [1753],49.10602,7.07165,Sarreguemines,FR,2019-12-31 12:08:48
246,3651276.0,Acer negundo L. [1753],49.10602,7.07165,Sarreguemines,FR,2019-12-31 12:08:49
261,3651863.0,Prunus L. [1753],45.74629,3.07895,Beaumont,FR,2020-01-04 20:11:01
276,3651884.0,Fraxinus L. [1753],45.7457,3.07892,Beaumont,FR,2020-01-04 20:24:58
291,3652383.0,Acer platanoides L. [1753],49.10306,7.06393,Sarreguemines,FR,2020-01-10 10:32:17
292,3652384.0,Acer platanoides L. [1753],49.10318,7.06395,Sarreguemines,FR,2020-01-10 10:32:17
293,3652385.0,Acer platanoides L. [1753],49.10308,7.06404,Sarreguemines,FR,2020-01-10 10:32:17
318,3652625.0,Juglans L. [1753],45.74571,3.0789,Beaumont,FR,2020-01-15 13:22:18
410,3653860.0,Quercus L. [1753],48.84593,2.35466,Paris,FR,2020-02-12 12:03:13
411,3653951.0,Chêne américain,45.82265,1.24257,Limoges,FR,2020-02-13 17:54:48
417,3654171.0,chene americain,45.82293,1.24335,Limoges,FR,2020-02-18 15:30:20
418,3654172.0,Quercus rubra L. [1753],45.82259,1.24206,Limoges,FR,2020-02-18 15:31:13
419,3654173.0,Chêne,45.82265,1.24211,Limoges,FR,2020-02-18 15:32:27
420,3654174.0,Quercus rubra L. [1753],45.82267,1.24314,Limoges,FR,2020-02-18 15:33:53
424,3654197.0,chêne americain,45.82264,1.24259,Limoges,FR,2020-02-18 15:42:50
425,3654198.0,chêne américain,45.82267,1.24273,Limoges,FR,2020-02-18 15:43:08
426,3654199.0,chêne américain,45.82267,1.24273,Limoges,FR,2020-02-18 15:47:36
430,3654206.0,chene américain,45.82266,1.24227,Limoges,FR,2020-02-18 15:45:43
433,3655424.0,Acer L. [1753],45.7633,3.11414,Aubière,FR,2020-02-26 19:28:40
450,3655442.0,Acer L. [1753],45.76334,3.11415,Aubière,FR,2020-02-26 20:35:56
451,3655443.0,Acer L. [1753],45.76324,3.11422,Aubière,FR,2020-02-26 20:35:56
478,3656214.0,Acer L. [1753],45.75218,3.09652,Beaumont,FR,2020-03-03 19:23:13
479,3656215.0,Acer L. [1753],45.7521,3.09652,Beaumont,FR,2020-03-03 19:23:14
480,3656216.0,Acer L. [1753],45.75203,3.09649,Beaumont,FR,2020-03-03 19:23:14
514,3657722.0,Tilia platyphyllos Scop. [1771],49.1228,7.08406,Sarreguemines,FR,2020-03-11 23:00:39
515,3657723.0,Tilia platyphyllos Scop. [1771],49.1228,7.08406,Sarreguemines,FR,2020-03-11 23:00:40
516,3657724.0,Tilia platyphyllos Scop. [1771],49.1228,7.08406,Sarreguemines,FR,2020-03-11 23:00:40
518,3657958.0,Prunus L. [1753],45.74865,3.09304,Beaumont,FR,2020-03-13 17:48:13
519,3657959.0,Prunus L. [1753],45.74869,3.09297,Beaumont,FR,2020-03-13 17:48:21
520,3657960.0,Prunus L. [1753],45.74869,3.09307,Beaumont,FR,2020-03-13 17:48:26
548,3663571.0,Acer platanoides L.,45.82708,1.24157,Limoges,FR,2020-04-01 18:43:48
549,3663572.0,Catalpa bignonioides Walter,45.82728,1.24145,Limoges,FR,2020-04-01 18:43:49
550,3663573.0,Acer platanoides L.,45.82741,1.24133,Limoges,FR,2020-04-01 18:43:49
582,3683843.0,Quercus,50.67252,3.18388,Roubaix,FR,2020-04-15 15:04:40
587,3683864.0,Quercus,50.67264,3.18397,Roubaix,FR,2020-04-15 15:29:59
588,3683865.0,Quercus,50.67258,3.18392,Roubaix,FR,2020-04-15 15:30:00
589,3683866.0,Quercus,50.67251,3.18389,Roubaix,FR,2020-04-15 15:30:02
605,3711157.0,Acer ,48.79963,2.5127,Saint-Maur-des-Fossés,FR,2020-05-20 19:13:54
606,3711158.0,Acer ,48.79968,2.51279,Saint-Maur-des-Fossés,FR,2020-05-20 19:13:54
607,3711159.0,Acer ,48.79974,2.5129,Saint-Maur-des-Fossés,FR,2020-05-20 19:13:55
625,3713205.0,Crataegus monogyna Jacq.,48.80977,2.49459,Saint-Maur-des-Fossés,FR,2020-06-02 18:47:24
626,3713206.0,Crataegus monogyna Jacq.,48.8097,2.49459,Saint-Maur-des-Fossés,FR,2020-06-02 18:47:24
627,3713207.0,Acer platanoides L.,48.80958,2.49453,Saint-Maur-des-Fossés,FR,2020-06-02 18:47:24
642,3719233.0,marronier,48.93264,2.16159,Sartrouville,FR,2020-06-26 11:17:28
643,3719234.0,marronier,48.93278,2.16121,Sartrouville,FR,2020-06-26 11:17:28
644,3719235.0,marronier,48.93234,2.16257,Sartrouville,FR,2020-06-26 11:17:29
645,3721038.0,Acer platanifolium Stokes,45.75994,3.1092,Aubière,FR,2020-07-07 20:43:13
646,3721039.0,Acer platanifolium Stokes,45.7599,3.10903,Aubière,FR,2020-07-07 20:43:13
647,3721040.0,Acer platanifolium Stokes,45.75985,3.10886,Aubière,FR,2020-07-07 20:43:13
658,3722746.0,Tilleul,47.66059,-2.07567,Redon,FR,2020-07-16 14:09:37
659,3722747.0,Tilleul,47.66059,-2.07534,Redon,FR,2020-07-16 14:09:37
676,3728359.0,Tilia cordata Mill.,45.75906,3.11009,Aubière,FR,2020-09-03 20:45:00
677,3728360.0,Tilia cordata Mill.,45.759,3.11017,Aubière,FR,2020-09-03 20:45:00
678,3728361.0,Tilia cordata Mill.,45.75896,3.11025,Aubière,FR,2020-09-03 20:45:00
704,3730099.0,Aesculus hippocastanum L.,48.87519,2.20927,Nanterre,FR,2020-09-15 15:37:25
705,3730100.0,Castanea sativa Mill.,48.87527,2.20945,Nanterre,FR,2020-09-15 15:37:25
706,3730101.0,Aesculus hippocastanum L.,48.87539,2.20965,Nanterre,FR,2020-09-15 15:37:25
722,3730377.0,Sophora japonica L.,45.7485,3.09034,Beaumont,FR,2020-09-17 18:46:29
723,3730378.0,Sophora japonica L.,45.74849,3.09022,Beaumont,FR,2020-09-17 18:46:29
724,3730379.0,Sophora japonica L.,45.74849,3.09018,Beaumont,FR,2020-09-17 18:46:30
741,3731546.0,Robinia pseudoacacia L.,45.74718,3.08933,Beaumont,FR,2020-09-24 20:34:39
742,3731547.0,Robinia pseudoacacia L.,45.74719,3.08941,Beaumont,FR,2020-09-24 20:34:40
743,3731548.0,Robinia pseudoacacia L.,45.74745,3.08949,Beaumont,FR,2020-09-24 20:34:41
766,3732454.0,Juglans regia L.,45.75693,3.10072,Beaumont,FR,2020-10-01 18:10:34
767,3732455.0,Juglans regia L.,45.75685,3.10079,Beaumont,FR,2020-10-01 18:10:35
768,3732456.0,Juglans regia L.,45.75684,3.10069,Beaumont,FR,2020-10-01 18:10:35
796,3733287.0,Acer pseudoplatanus L.,45.7577,3.10116,Beaumont,FR,2020-10-08 17:08:26
797,3733288.0,Acer pseudoplatanus L.,45.75774,3.10128,Beaumont,FR,2020-10-08 17:08:27
798,3733289.0,Acer pseudoplatanus L.,45.75774,3.10114,Beaumont,FR,2020-10-08 17:08:28
835,3734202.0,Erable,48.94849,2.31295,L'Île-Saint-Denis,FR,2020-10-15 16:17:04
845,3734212.0,Erable sycomore,48.94728,2.31467,Villeneuve-la-Garenne,FR,2020-10-15 16:26:26
846,3734213.0,Erable sycomore,48.94747,2.3149,Villeneuve-la-Garenne,FR,2020-10-15 16:26:26
847,3734214.0,Erable sycomore,48.94773,2.315,Villeneuve-la-Garenne,FR,2020-10-15 16:26:27
848,3734215.0,Érable champêtre ,48.94839,2.31275,L'Île-Saint-Denis,FR,2020-10-15 16:32:19
876,3734247.0,Erable sycomore,48.9485,2.31294,L'Île-Saint-Denis,FR,2020-10-15 16:46:08
877,3734248.0,Érable sycomore,48.94862,2.31256,L'Île-Saint-Denis,FR,2020-10-15 16:46:09
878,3734249.0,Érable champêtre ,48.94841,2.31277,L'Île-Saint-Denis,FR,2020-10-15 16:46:09
902,3734276.0,Juglans regia L.,45.7553,3.09986,Beaumont,FR,2020-10-15 17:31:12
903,3734277.0,Juglans regia L.,45.75533,3.09982,Beaumont,FR,2020-10-15 17:31:13
904,3734278.0,Juglans regia L.,45.75536,3.09979,Beaumont,FR,2020-10-15 17:31:13
939,3734945.0,Acer pseudoplatanus L.,45.75343,3.08886,Beaumont,FR,2020-10-22 19:32:39
940,3734946.0,Robinia pseudoacacia L.,45.7534,3.08879,Beaumont,FR,2020-10-22 19:32:40
941,3734947.0,Robinia pseudoacacia L.,45.7534,3.08873,Beaumont,FR,2020-10-22 19:32:40
968,3735811.0,Acer pseudoplatanus L.,45.75473,3.09717,Beaumont,FR,2020-10-30 11:50:47
969,3735812.0,Acer pseudoplatanus L.,45.75472,3.09727,Beaumont,FR,2020-10-30 11:50:47
970,3735813.0,Acer pseudoplatanus L.,45.75466,3.09725,Beaumont,FR,2020-10-30 11:50:47
1002,3735896.0,Tilleul sp,48.93586,2.34085,L'Île-Saint-Denis,FR,2020-10-30 16:00:19
1003,3735897.0,Peuplier tremble,48.93586,2.34085,L'Île-Saint-Denis,FR,2020-10-30 16:00:19
1004,3735898.0,Hêtre,48.93586,2.34085,L'Île-Saint-Denis,FR,2020-10-30 16:00:19
1026,3736234.0,Liriodendron tulipifera L.,45.81776,1.25284,Limoges,FR,2020-11-02 10:59:26
1027,3736238.0,Liriodendron tulipifera L.,45.81776,1.25284,Limoges,FR,2020-11-02 11:13:31
1028,3736239.0,Liriodendron tulipifera L.,45.81762,1.25293,Limoges,FR,2020-11-02 11:13:32
1029,3736240.0,Fraxinus excelsior L.,45.81755,1.25242,Limoges,FR,2020-11-02 11:13:32
1056,3736344.0,tilleul,43.06508,0.1454,Bagnères-de-Bigorre,FR,2020-11-03 16:00:48
1058,3736435.0,Acer negundo L.,48.84602,2.35458,Paris,FR,2020-11-06 10:33:25
1059,3736436.0,Acer negundo L.,48.84604,2.35455,Paris,FR,2020-11-06 10:33:26
1060,3736437.0,Acer negundo L.,48.84598,2.35455,Paris,FR,2020-11-06 10:33:26
1061,3736438.0,Acer negundo L.,48.84594,2.35458,Paris,FR,2020-11-06 10:37:48
1062,3736439.0,Acer negundo L.,48.84571,2.35458,Paris,FR,2020-11-06 10:37:48
1063,3736440.0,Acer negundo L.,48.84582,2.35458,Paris,FR,2020-11-06 10:37:49
1067,3736604.0,Tilia platyphyllos Scop.,49.12212,7.08288,Sarreguemines,FR,2020-11-07 11:27:45
1068,3736605.0,Tilia platyphyllos Scop.,49.12217,7.08298,Sarreguemines,FR,2020-11-07 11:27:45
1069,3736606.0,Tilia platyphyllos Scop.,49.12236,7.08331,Sarreguemines,FR,2020-11-07 11:27:45
1071,3736642.0,Carpinus betulus L.,50.60906,3.13387,Villeneuve-d'Ascq,FR,2020-11-07 16:58:55
1072,3736643.0,Carpinus betulus L.,50.60901,3.13404,Villeneuve-d'Ascq,FR,2020-11-07 16:58:57
1073,3736644.0,Carpinus betulus L.,50.60894,3.13423,Villeneuve-d'Ascq,FR,2020-11-07 16:58:57
1084,3736682.0,Fraxinus L.,50.61546,3.132,Villeneuve-d'Ascq,FR,2020-11-08 16:54:49
1085,3736683.0,Fraxinus L.,50.61553,3.13213,Villeneuve-d'Ascq,FR,2020-11-08 16:54:50
1086,3736684.0,Fraxinus L.,50.61561,3.13223,Villeneuve-d'Ascq,FR,2020-11-08 16:54:50
1097,3737128.0,Tilia L.,50.61244,3.12226,Lezennes,FR,2020-11-15 13:25:57
1098,3737129.0,Tilia L.,50.61255,3.12216,Lezennes,FR,2020-11-15 13:25:57
1099,3737130.0,Tilia L.,50.61259,3.12212,Lezennes,FR,2020-11-15 13:25:58
1112,3738790.0,Acer L.,50.6073,3.13822,Villeneuve-d'Ascq,FR,2020-11-27 13:34:38
1113,3738791.0,Acer L.,50.60736,3.13798,Villeneuve-d'Ascq,FR,2020-11-27 13:34:38
1114,3738792.0,Acer L.,50.60738,3.13788,Villeneuve-d'Ascq,FR,2020-11-27 13:34:38
1129,3738807.0,Acer L.,50.60764,3.13809,Villeneuve-d'Ascq,FR,2020-11-27 13:48:56
1130,3738808.0,Acer L.,50.60761,3.13819,Villeneuve-d'Ascq,FR,2020-11-27 13:48:57
1131,3738809.0,Acer L.,50.60758,3.13834,Villeneuve-d'Ascq,FR,2020-11-27 13:48:57
1155,3740627.0,Tilia ,48.78872,2.45502,Créteil,FR,2021-01-15 18:46:32
1156,3740628.0,Tilia,48.7888,2.45496,Créteil,FR,2021-01-15 21:02:55
1162,3740665.0,Tilia cordata Mill.,48.79012,2.45363,Créteil,FR,2021-01-17 21:16:03
1169,3740672.0,Tilia cordata Mill.,48.78844,2.45524,Créteil,FR,2021-01-17 21:43:34
1170,3740673.0,Tilia cordata Mill.,48.78844,2.45523,Créteil,FR,2021-01-17 21:43:34
1171,3740674.0,Tilia cordata Mill.,48.7883,2.45538,Créteil,FR,2021-01-17 21:43:35
1185,3740725.0,Tilleul,48.78873,2.45503,Créteil,FR,2021-01-18 19:38:39
1189,3740823.0,Aulne glutineux,48.97495,1.97081,Verneuil-sur-Seine,FR,2021-01-21 19:12:33
1190,3740824.0,Aulne glutineux,48.97504,1.97094,Verneuil-sur-Seine,FR,2021-01-21 19:12:34
1191,3740825.0,Aulne glutineux,48.97509,1.97096,Verneuil-sur-Seine,FR,2021-01-21 19:12:34
1192,3740827.0,Tilleul,48.79012,2.45363,Créteil,FR,2021-01-21 19:50:23
1193,3740828.0,Tilleul,48.79012,2.45363,Créteil,FR,2021-01-21 19:50:24
1201,3740839.0,Tilleul,48.78838,2.45533,Créteil,FR,2021-01-22 08:53:35
1207,3740847.0,Tilleuls ,48.79028,2.4535,Créteil,FR,2021-01-22 12:14:38
1210,3740854.0,Physconia grisea (Lam.) Poelt [1965],48.78911,2.45443,Créteil,FR,2021-01-22 15:46:41
1214,3740858.0,Tilia cordata Mill.,48.78864,2.45509,Créteil,FR,2021-01-22 17:51:17
1215,3740859.0,Tilia cordata Mill.,48.78861,2.45515,Créteil,FR,2021-01-22 17:51:17
1218,3740863.0,Tilia cordata Mill.,48.78867,2.45509,Créteil,FR,2021-01-22 17:58:43
1219,3740864.0,Tilia cordata Mill.,48.78864,2.4551,Créteil,FR,2021-01-22 17:58:43
1227,3740922.0,Tilleul,48.78872,2.45502,Créteil,FR,2021-01-23 21:18:51
1228,3740923.0,Tilleul,48.78857,2.45515,Créteil,FR,2021-01-23 21:18:53
1229,3740924.0,Tilleul,48.78881,2.45494,Créteil,FR,2021-01-23 21:18:53
1230,3740925.0,aulne glutineux,48.97497,1.9708,Verneuil-sur-Seine,FR,2021-01-23 21:21:35
1231,3740926.0,aulne glutineux,48.97504,1.97091,Verneuil-sur-Seine,FR,2021-01-23 21:21:36
1232,3740927.0,aulne glutineux,48.9751,1.97095,Verneuil-sur-Seine,FR,2021-01-23 21:21:36
1259,3741057.0,Quercus robur var. robur,48.13221,-1.6452,Rennes,FR,2021-01-26 23:57:22
1268,3741549.0,Acer acutifolium St.-Lag.,48.84783,2.33566,Paris,FR,2021-02-02 20:23:12
1270,3741551.0,Acer acutifolium St.-Lag.,48.84782,2.33555,Paris,FR,2021-02-02 20:29:31
1271,3741552.0,Acer acutifolium St.-Lag.,48.84785,2.33553,Paris,FR,2021-02-02 20:29:32
1272,3741553.0,Acer acutifolium St.-Lag.,48.84788,2.33542,Paris,FR,2021-02-02 20:29:32
1282,3741700.0,Ne sais pas,48.80389,2.25508,Clamart,FR,2021-02-03 22:32:38
1283,3741701.0,Ne sais pas,48.80395,2.25485,Clamart,FR,2021-02-03 22:32:38
1284,3741702.0,Ne sais pas,48.80399,2.25466,Clamart,FR,2021-02-03 22:32:39
1296,3741996.0,Erable,48.87591,2.08222,Marly-le-Roi,FR,2021-02-06 18:08:11
1297,3741997.0,Erable,48.87591,2.08222,Marly-le-Roi,FR,2021-02-06 18:08:11
1298,3741998.0,Erable,48.87591,2.08222,Marly-le-Roi,FR,2021-02-06 18:08:12
1311,3743016.0,Tilia cordata Mill.,45.66815,4.8181,Irigny,FR,2021-02-11 19:03:31
1312,3743017.0,Tilia cordata Mill.,45.66809,4.8182,Irigny,FR,2021-02-11 19:03:31
1313,3743018.0,Tilia cordata Mill.,45.66807,4.81833,Irigny,FR,2021-02-11 19:03:31
1323,3743117.0,Acer pseudoplatanus L.,49.04159,2.07198,Cergy,FR,2021-02-13 11:12:25
1324,3743118.0,Acer pseudoplatanus L.,49.04152,2.07208,Cergy,FR,2021-02-13 11:12:25
1325,3743119.0,Acer pseudoplatanus L.,49.04145,2.07215,Cergy,FR,2021-02-13 11:12:25
1336,3743296.0,platyphyllos ,48.83034,2.40181,Paris,FR,2021-02-15 12:58:38
1337,3743297.0,platyphyllos ,48.8304,2.40187,Paris,FR,2021-02-15 12:58:38
1338,3743298.0,x hispanica,48.83048,2.40192,Paris,FR,2021-02-15 12:58:39
1344,3743306.0,Nigra ,48.82985,2.40495,Paris,FR,2021-02-15 13:47:01
1345,3743307.0,Nigra ,48.82982,2.40489,Paris,FR,2021-02-15 13:47:01
1346,3743308.0,Tomentosa,48.82985,2.40495,Paris,FR,2021-02-15 13:47:02
1353,3743620.0,Sophora japonica L.,48.83195,2.40403,Paris,FR,2021-02-16 18:08:12
1361,3743699.0,Robinia x ambigua Poir. [1816],48.83252,2.4042,Paris,FR,2021-02-17 17:10:13
1362,3743700.0,Corylus colurna L. [1753],48.83485,2.40806,Paris,FR,2021-02-17 17:10:13
1363,3743701.0,Corylus colurna L. [1753],48.83485,2.40806,Paris,FR,2021-02-17 17:10:13
1370,3743711.0,Platanus occidentalis L.,48.83065,2.40681,Paris,FR,2021-02-17 21:34:33
1371,3743713.0,Salix babylonica L.,48.83063,2.40963,Paris,FR,2021-02-17 21:43:47
1374,3743721.0,Platanus occidentalis L.,48.83065,2.40681,Paris,FR,2021-02-17 22:25:07
1377,3743781.0,Ulmus,48.83252,2.4042,Paris,FR,2021-02-18 20:28:22
1378,3743782.0,Pseudoacacia,48.83252,2.4042,Paris,FR,2021-02-18 20:28:22
1379,3743783.0,Ulmus,48.83252,2.4042,Paris,FR,2021-02-18 20:28:23
1384,3743799.0,Hippocastanum aesculus Cav.,48.83477,2.40847,Saint-Mandé,FR,2021-02-18 21:09:10
1385,3743800.0,Hippocastanum aesculus Cav.,48.83472,2.4086,Saint-Mandé,FR,2021-02-18 21:09:10
1386,3743801.0,Hippocastanum aesculus Cav.,48.83468,2.40872,Saint-Mandé,FR,2021-02-18 21:09:10
1387,3743802.0,Japonica,48.83145,2.40436,Saint-Mandé,FR,2021-02-18 21:09:11
1388,3743803.0,Hippocastanum aesculus Cav.,48.8314,2.40442,Saint-Mandé,FR,2021-02-18 21:09:11
1389,3743804.0,Platanoides,48.82916,2.40945,Saint-Mandé,FR,2021-02-18 21:09:11
1390,3743805.0,Platanoides,48.82916,2.4094,Saint-Mandé,FR,2021-02-18 21:09:12
1401,3743820.0,Platinoïdes,48.83076,2.39935,Paris,FR,2021-02-18 21:37:31
1402,3743821.0,Cedrus libani A.Rich.,48.83076,2.39935,Paris,FR,2021-02-18 21:37:32
1403,3743822.0,Robinia pseudoacacia L.,48.83076,2.39935,Paris,FR,2021-02-18 21:37:32
1412,3743880.0,Aesculus hippocastanum L.,48.83161,2.40418,Paris,FR,2021-02-19 00:53:50
1413,3743881.0,Aesculus hippocastanum L.,48.83159,2.40408,Paris,FR,2021-02-19 00:53:50
1414,3743882.0,Aesculus hippocastanum L.,48.83154,2.40415,Paris,FR,2021-02-19 00:53:51
1428,3743899.0,Fagus sylvatica subsp. sylvatica,48.83276,2.40504,Paris,FR,2021-02-19 10:04:38
1432,3743903.0,Fagus sylvatica subsp. sylvatica,48.83276,2.40504,Paris,FR,2021-02-19 11:18:21
1435,3743907.0,Fagus sylvatica subsp. sylvatica,48.83276,2.40504,Paris,FR,2021-02-19 11:41:45
1438,3743910.0,Pinus nigra var. nigra,48.82987,2.40509,Paris,FR,2021-02-19 11:58:49
1439,3743911.0,Avium Prunus,48.82985,2.40495,Paris,FR,2021-02-19 11:58:49
1440,3743912.0,Pinus nigra var. nigra,48.82986,2.40508,Paris,FR,2021-02-19 11:58:49
1441,3743913.0,Pinus nigra var. nigra,48.83225,2.40479,Paris,FR,2021-02-19 11:59:46
1442,3743914.0,Japonica Sophora,48.83243,2.40462,Paris,FR,2021-02-19 11:59:46
1443,3743915.0,Hippocastanum aesculus Cav.,48.83201,2.40416,Paris,FR,2021-02-19 11:59:47
1454,3745043.0,Fagus sylvatica L.,43.05214,0.14771,Bagnères-de-Bigorre,FR,2021-03-03 19:26:42
1455,3745044.0,Fagus sylvatica L.,43.052,0.14763,Bagnères-de-Bigorre,FR,2021-03-03 19:26:42
1456,3745045.0,Fagus sylvatica L.,43.05199,0.14785,Bagnères-de-Bigorre,FR,2021-03-03 19:26:43
1457,3746187.0,Gleditsia triacanthos L.,45.82611,1.23338,Limoges,FR,2021-03-15 07:48:11
1458,3746188.0,Acer platanoides L.,45.82611,1.2335,Limoges,FR,2021-03-15 07:48:12
1479,3746209.0,Acer platanoides subsp. platanoides,45.82619,1.23354,Limoges,FR,2021-03-15 08:51:11
1492,3747606.0,Sycomore,47.34478,5.04647,Dijon,FR,2021-03-25 20:30:20
1493,3747607.0,Sycomore,47.34535,5.04582,Dijon,FR,2021-03-25 20:30:23
1498,3751185.0,Acer platanoides L.,45.83058,1.25202,Limoges,FR,2021-04-14 18:29:55
1499,3751187.0,Acer platanoides L.,45.83059,1.25203,Limoges,FR,2021-04-14 18:35:19
1500,3751188.0,Acer platanoides L.,45.83061,1.2521,Limoges,FR,2021-04-14 18:35:19
1501,3751189.0,Acer platanoides L.,45.83071,1.25212,Limoges,FR,2021-04-14 18:35:20
1540,3751921.0,Prunus spinosa L.,45.60279,4.70764,Beauvallon,FR,2021-04-17 11:26:09
1542,3752643.0,Acer pseudoplatanus L.,45.60469,4.73415,Beauvallon,FR,2021-04-19 18:45:17
1544,3753044.0,érable,44.623,-1.13747,La Teste-de-Buch,FR,2021-04-21 19:19:46
1545,3753045.0,érable,44.62293,-1.13749,La Teste-de-Buch,FR,2021-04-21 19:19:47
1546,3753046.0,érable,44.62302,-1.13757,La Teste-de-Buch,FR,2021-04-21 19:19:47
1562,3757705.0,Tilia tomentosa 'Petiolaris',45.82622,1.24843,Limoges,FR,2021-05-06 11:50:40
1563,3757706.0,Tilia tomentosa 'Petiolaris',45.82623,1.24833,Limoges,FR,2021-05-06 11:50:42
1564,3757707.0,Tilia tomentosa 'Petiolaris',45.82635,1.2481,Limoges,FR,2021-05-06 11:50:42
1613,3757856.0,Acer platane,43.56123,1.44767,Toulouse,FR,2021-05-06 14:36:17
1614,3757857.0,Acer platane,43.56123,1.44767,Toulouse,FR,2021-05-06 14:36:18
1615,3757858.0,Acer platane,43.56123,1.44767,Toulouse,FR,2021-05-06 14:36:19
1624,3767270.0,Prunus serrulata Lindl.,48.69834,6.20443,Tomblaine,FR,2021-05-08 12:26:20
1625,3767271.0,Prunus serrulata Lindl.,48.69835,6.20445,Tomblaine,FR,2021-05-08 12:37:58
1626,3767272.0,Prunus serrulata Lindl.,48.69825,6.20445,Tomblaine,FR,2021-05-08 12:37:59
1627,3781299.0,Quercus robur L.,45.74148,4.71419,Craponne,FR,2021-05-11 20:54:54
1628,3781300.0,Quercus robur L.,45.74148,4.71419,Craponne,FR,2021-05-11 20:54:54
1629,3781301.0,Quercus robur L.,45.74148,4.71419,Craponne,FR,2021-05-11 20:54:54
1651,3784447.0,z,-48.56933,-70.16068,Angervilliers,FR,2021-05-18 09:26:07
1652,3784807.0,Fraxinus L.,45.74946,3.09886,Beaumont,FR,2021-05-20 19:23:04
1653,3784808.0,Fraxinus L.,45.74943,3.09884,Beaumont,FR,2021-05-20 19:23:05
1654,3784809.0,Fraxinus L.,45.74934,3.0986,Beaumont,FR,2021-05-20 19:23:06
1664,3784820.0,Acer pseudoplatanus L.,45.74937,3.09931,Beaumont,FR,2021-05-20 19:35:46
1665,3784821.0,Acer pseudoplatanus L.,45.7493,3.09928,Beaumont,FR,2021-05-20 19:35:47
1666,3784822.0,Acer pseudoplatanus L.,45.74926,3.09922,Beaumont,FR,2021-05-20 19:35:47
1674,3788567.0,Erable,48.90205,2.45309,Bobigny,FR,2021-06-08 16:49:41
1675,3788568.0,Erable,48.90206,2.45309,Bobigny,FR,2021-06-08 16:49:41
1676,3788569.0,Erable,48.90209,2.45308,Bobigny,FR,2021-06-08 16:49:42
1677,3788575.0,Erable,48.90202,2.4531,Bobigny,FR,2021-06-08 17:13:12
1678,3788576.0,Erable,48.90205,2.45309,Bobigny,FR,2021-06-08 17:13:12
1679,3788577.0,Erable,48.90209,2.45307,Bobigny,FR,2021-06-08 17:13:13
1703,3788602.0,Tilia sp.,48.88151,2.50603,Villemomble,FR,2021-06-08 17:40:04
1704,3788603.0,Tilia sp.,48.88145,2.50603,Villemomble,FR,2021-06-08 17:40:05
1705,3788604.0,Tilia sp.,48.88145,2.50595,Villemomble,FR,2021-06-08 17:40:05
1732,3788707.0,Tilia L.,45.83185,1.26444,Limoges,FR,2021-06-09 10:41:16
1733,3788708.0,Acer platanoides L.,45.83189,1.26448,Limoges,FR,2021-06-09 10:41:17
1734,3788709.0,Acer platanoides L.,45.83194,1.26445,Limoges,FR,2021-06-09 10:41:17
1765,3790469.0,Sorbus aucuparia L.,48.83797,2.3948,Paris,FR,2021-06-18 11:49:49
1766,3790470.0,Sorbus aucuparia L.,48.838,2.39486,Paris,FR,2021-06-18 11:49:50
1767,3790471.0,Sorbus aucuparia L.,48.83803,2.39493,Paris,FR,2021-06-18 11:49:50
1785,3790491.0,Liquidambar styraciflua L.,48.8175,2.39466,Ivry-sur-Seine,FR,2021-06-18 12:18:38
1786,3790492.0,Liquidambar styraciflua L.,48.81755,2.39461,Ivry-sur-Seine,FR,2021-06-18 12:18:39
1787,3790493.0,Tilia platyphyllos Scop.,48.81733,2.39454,Ivry-sur-Seine,FR,2021-06-18 12:18:39
1803,3790517.0,Ulmus L.,48.93141,2.29481,Gennevilliers,FR,2021-06-18 14:11:13
1804,3790518.0,Ulmus L.,48.93157,2.29476,Gennevilliers,FR,2021-06-18 14:11:13
1805,3790519.0,Ulmus L.,48.93163,2.29474,Gennevilliers,FR,2021-06-18 14:11:14
1815,3790532.0,Acer pseudoplatanus L.,48.99064,2.44471,Gonesse,FR,2021-06-18 14:38:02
1816,3790533.0,Acer pseudoplatanus L.,48.99063,2.44479,Gonesse,FR,2021-06-18 14:38:02
1817,3790534.0,Acer pseudoplatanus L.,48.99063,2.44491,Gonesse,FR,2021-06-18 14:38:02
1842,3790626.0,Acer pseudoplatanus L.,48.582,1.88326,Sonchamp,FR,2021-06-19 00:27:48
1843,3790627.0,Fraxinus excelsior L.,48.58196,1.88395,Sonchamp,FR,2021-06-19 00:27:48
1844,3790628.0,Populus tremula L.,48.58191,1.88306,Sonchamp,FR,2021-06-19 00:27:49
1884,3790675.0,Tilia cordata Mill.,48.64066,2.26813,Montlhéry,FR,2021-06-19 08:22:40
1885,3790676.0,Acer negundo L.,48.64042,2.26797,Montlhéry,FR,2021-06-19 08:22:40
1886,3790677.0,Tilia tomentosa Moench,48.64041,2.26785,Montlhéry,FR,2021-06-19 08:22:40
1912,3791416.0,Tilia platyphyllos Scop.,48.77578,2.37599,Vitry-sur-Seine,FR,2021-06-22 09:14:54
1913,3791417.0,Tilia platyphyllos Scop.,48.77581,2.37604,Vitry-sur-Seine,FR,2021-06-22 09:14:56
1914,3791418.0,Tilia platyphyllos Scop.,48.77586,2.37613,Vitry-sur-Seine,FR,2021-06-22 09:14:57
1950,3791456.0,Quercus ilex L.,48.70695,2.45636,Montgeron,FR,2021-06-22 10:01:42
1951,3791457.0,Quercus ilex L.,48.70706,2.45619,Montgeron,FR,2021-06-22 10:01:42
1952,3791458.0,Quercus ilex L.,48.70702,2.45616,Montgeron,FR,2021-06-22 10:01:43
1975,3791482.0,Sorbus aria subsp. aria,48.92502,2.35659,Saint-Denis,FR,2021-06-22 10:25:55
1976,3791483.0,Sorbus aria subsp. aria,48.92464,2.35662,Saint-Denis,FR,2021-06-22 10:25:55
1977,3791484.0,Sorbus aria subsp. aria,48.92461,2.35662,Saint-Denis,FR,2021-06-22 10:25:55
1990,3791498.0,AULNE,48.95139,2.2223,Argenteuil,FR,2021-06-22 10:39:24
1991,3791499.0,AULNE,48.95138,2.22233,Argenteuil,FR,2021-06-22 10:39:25
1992,3791500.0,AULNE,48.95143,2.22235,Argenteuil,FR,2021-06-22 10:39:25
2010,3791520.0,Acer pseudoplatanus L.,48.93596,2.35882,Saint-Denis,FR,2021-06-22 11:20:25
2011,3791521.0,Acer pseudoplatanus L.,48.93595,2.35894,Saint-Denis,FR,2021-06-22 11:20:25
2012,3791522.0,Acer pseudoplatanus L.,48.93591,2.35906,Saint-Denis,FR,2021-06-22 11:20:26
2028,3791542.0,Koelreuteria paniculata Laxm.,48.82825,2.35917,Paris,FR,2021-06-22 13:17:46
2029,3791543.0,Koelreuteria paniculata Laxm.,48.8282,2.35905,Paris,FR,2021-06-22 13:17:46
2030,3791544.0,Gleditsia triacanthos L.,48.82859,2.35877,Paris,FR,2021-06-22 13:17:47
2052,3791567.0,Celtis australis L.,48.8381,2.40868,Paris,FR,2021-06-22 13:48:19
2053,3791568.0,Celtis australis L.,48.83809,2.40879,Paris,FR,2021-06-22 13:48:20
2054,3791569.0,Celtis australis L.,48.83807,2.40888,Paris,FR,2021-06-22 13:48:20
2078,3791593.0,Fraxinus excelsior L.,48.84016,2.63487,Lognes,FR,2021-06-22 14:05:52
2079,3791594.0,Fagus sylvatica L.,48.84012,2.63545,Lognes,FR,2021-06-22 14:05:52
2080,3791595.0,Aesculus x carnea,48.84008,2.63393,Lognes,FR,2021-06-22 14:05:53
2117,3791634.0,Acer platanoides L.,48.8163,2.51693,Champigny-sur-Marne,FR,2021-06-22 14:39:58
2118,3791635.0,Acer platanoides L.,48.81636,2.51694,Champigny-sur-Marne,FR,2021-06-22 14:39:58
2119,3791636.0,Acer platanoides L.,48.81642,2.51694,Champigny-sur-Marne,FR,2021-06-22 14:39:59
2154,3791672.0,Zelkova serrata (Thunb.) Makino,48.62756,2.42927,Évry,FR,2021-06-22 15:33:32
2155,3791673.0,Magnolia liliiflora Desr.,48.62786,2.42927,Évry,FR,2021-06-22 15:33:32
2156,3791674.0,Quercus rubra L.,48.62699,2.42941,Évry,FR,2021-06-22 15:33:32
2178,3791696.0,Populus nigra L.,48.85247,2.3596,Paris,FR,2021-06-22 16:04:25
2179,3791697.0,Populus nigra L.,48.85255,2.35936,Paris,FR,2021-06-22 16:04:25
2180,3791698.0,Populus nigra L.,48.8526,2.35922,Paris,FR,2021-06-22 16:04:26
2198,3791719.0,Pyrus calleryana Decne.,48.89232,2.34609,Paris,FR,2021-06-22 16:46:39
2199,3791720.0,Pyrus calleryana Decne.,48.89242,2.34615,Paris,FR,2021-06-22 16:46:39
2200,3791721.0,Pyrus calleryana Decne.,48.89239,2.34629,Paris,FR,2021-06-22 16:46:39
2219,3791740.0,Tilia platyphyllos Scop.,48.89001,2.24159,Puteaux,FR,2021-06-22 17:16:37
2220,3791741.0,Tilia platyphyllos Scop.,48.88993,2.2414,Puteaux,FR,2021-06-22 17:16:37
2221,3791742.0,Tilia platyphyllos Scop.,48.88983,2.24128,Puteaux,FR,2021-06-22 17:16:38
2232,3791753.0,Tilia cordata Mill.,48.99655,1.70348,Mantes-la-Jolie,FR,2021-06-22 17:23:04
2233,3791754.0,Tilia cordata Mill.,48.99641,1.7035,Mantes-la-Jolie,FR,2021-06-22 17:23:04
2234,3791755.0,Tilia cordata Mill.,48.99664,1.70319,Mantes-la-Jolie,FR,2021-06-22 17:23:05
2265,3791786.0,Quercus rubra L.,48.83847,2.41271,Paris,FR,2021-06-22 17:54:13
2266,3791787.0,Celtis australis L.,48.83886,2.41284,Paris,FR,2021-06-22 17:54:13
2267,3791788.0,Celtis australis L.,48.83901,2.41289,Paris,FR,2021-06-22 17:54:14
2289,3791818.0,Acer saccharinum L.,45.74929,3.08838,Beaumont,FR,2021-06-22 20:45:38
2290,3791819.0,Acer saccharinum L.,45.7493,3.08847,Beaumont,FR,2021-06-22 20:45:39
2291,3791820.0,Acer platanoides L.,45.7493,3.08858,Beaumont,FR,2021-06-22 20:45:39
2317,3795528.0,Acer saccharinum L.,45.74928,3.09016,Beaumont,FR,2021-07-16 15:30:03
2318,3795529.0,Acer saccharinum L.,45.74927,3.09028,Beaumont,FR,2021-07-16 15:30:04
2319,3795530.0,Acer saccharinum L.,45.74927,3.09037,Beaumont,FR,2021-07-16 15:30:04
2358,3795932.0,Salix babylonica L.,45.79027,3.07069,Clermont-Ferrand,FR,2021-07-21 15:15:36
2359,3795933.0,Salix babylonica L.,45.79024,3.07061,Clermont-Ferrand,FR,2021-07-21 15:15:37
2382,3796671.0,Quercus rubra L.,45.76976,3.13633,Clermont-Ferrand,FR,2021-07-27 12:48:12
2383,3796672.0,Quercus rubra L.,45.76979,3.13649,Clermont-Ferrand,FR,2021-07-27 12:48:15
2384,3796673.0,Quercus rubra L.,45.76981,3.13662,Clermont-Ferrand,FR,2021-07-27 12:48:15
2407,3798041.0,Prunus serrulata Lindl.,45.7536,3.13054,Aubière,FR,2021-08-03 12:47:33
2408,3798042.0,Prunus serrulata Lindl.,45.75358,3.13048,Aubière,FR,2021-08-03 12:47:34
2409,3798043.0,Prunus serrulata Lindl.,45.75356,3.13042,Aubière,FR,2021-08-03 12:47:34
2429,3799817.0,Acer saccharinum L.,45.76506,3.04212,Royat,FR,2021-08-17 14:24:30
2430,3799818.0,Acer saccharinum L.,45.76506,3.04195,Royat,FR,2021-08-17 14:24:33
2431,3799819.0,Acer saccharinum L.,45.76509,3.04187,Royat,FR,2021-08-17 14:24:33
2479,3800687.0,Tilia tomentosa Moench,48.89956,2.33829,Paris,FR,2021-08-27 16:40:37
2484,3802745.0,Acer pseudoplatanus L.,45.76009,3.06384,Ceyrat,FR,2021-09-21 19:04:35
2485,3802746.0,Acer pseudoplatanus L.,45.7601,3.06383,Ceyrat,FR,2021-09-21 19:09:25
2486,3802747.0,Acer pseudoplatanus L.,45.76015,3.06383,Ceyrat,FR,2021-09-21 19:09:25
2487,3802748.0,Acer pseudoplatanus L.,45.76023,3.06382,Ceyrat,FR,2021-09-21 19:09:25
2530,3803833.0,Aesculus L.,45.74029,3.06038,Ceyrat,FR,2021-09-27 17:02:40
2531,3803834.0,Aesculus L.,45.7402,3.06033,Ceyrat,FR,2021-09-27 17:02:41
2532,3803835.0,Aesculus L.,45.74011,3.0603,Ceyrat,FR,2021-09-27 17:02:41
2575,3804398.0,marronier,47.59646,1.32931,Blois,FR,2021-09-30 15:32:22
2576,3804399.0,Chêne,47.59667,1.32911,Blois,FR,2021-09-30 15:32:23
2589,3804414.0,Acer aetnense (Tineo ex Strobl) Lojac.,47.59643,1.32957,Blois,FR,2021-09-30 15:44:48
2594,3804460.0,Tilleuls,47.59829,1.33078,Blois,FR,2021-09-30 17:30:04
2599,3804587.0,maronnier,47.5963,1.3292,Blois,FR,2021-10-01 09:50:43
2600,3804588.0,érable,47.59723,1.32902,Blois,FR,2021-10-01 09:51:35
2601,3804589.0,Catalpa bignonioides Walter,47.59679,1.32931,Blois,FR,2021-10-01 09:52:47
2602,3804590.0,erable,47.59669,1.32911,Blois,FR,2021-10-01 09:53:24
2603,3804591.0,Aesculus hippocastanum L.,47.59654,1.32926,Blois,FR,2021-10-01 09:53:53
2635,3804656.0,tulipier,47.5976,1.32898,Blois,FR,2021-10-01 11:33:36
2636,3804657.0,tulipier,47.59776,1.32895,Blois,FR,2021-10-01 11:33:51
2637,3804660.0,tulipier,47.59794,1.32893,Blois,FR,2021-10-01 11:36:50
2638,3804661.0,tulipier,47.59768,1.32898,Blois,FR,2021-10-01 11:37:15
2639,3804662.0,tulipier ,47.59772,1.32895,Blois,FR,2021-10-01 11:37:50
2643,3804666.0,chene,47.59744,1.32901,Blois,FR,2021-10-01 11:38:08
2651,3804674.0,Tulipier,47.59779,1.32896,Blois,FR,2021-10-01 11:40:54
2652,3804675.0,Tulipier,47.59787,1.32892,Blois,FR,2021-10-01 11:40:54
2653,3804676.0,Peuplié,47.59786,1.32894,Blois,FR,2021-10-01 11:40:54
2664,3805743.0,Acer platanoides L.,45.74005,3.0607,Ceyrat,FR,2021-10-07 14:46:20
2665,3805744.0,Acer platanoides L.,45.74007,3.06072,Ceyrat,FR,2021-10-07 14:46:20
2666,3805745.0,Prunus L.,45.74009,3.06073,Ceyrat,FR,2021-10-07 14:46:21
2712,3806794.0,Tilia cordata Mill.,45.75296,3.11712,Aubière,FR,2021-10-14 18:09:50
2713,3806795.0,Tilia cordata Mill.,45.753,3.11713,Aubière,FR,2021-10-14 18:09:51
2736,3806818.0,Tilia cordata Mill.,45.753,3.11721,Aubière,FR,2021-10-14 18:28:05
2748,3807837.0,Robinia pseudoacacia L.,45.73411,3.10279,Romagnat,FR,2021-10-22 19:25:04
2749,3807838.0,Robinia pseudoacacia L.,45.7342,3.10266,Romagnat,FR,2021-10-22 19:25:04
2750,3807839.0,Robinia pseudoacacia L.,45.73424,3.10258,Romagnat,FR,2021-10-22 19:25:05
